<?xml version="1.0" encoding="UTF-8"?>
<project-private xmlns="http://www.netbeans.org/ns/project-private/1">
    <editor-bookmarks xmlns="http://www.netbeans.org/ns/editor-bookmarks/2" lastBookmarkId="1">
        <file>
            <url>src/Balance_Check.java</url>
            <bookmark id="1">
                <name/>
                <line>200</line>
                <key/>
            </bookmark>
        </file>
    </editor-bookmarks>
    <open-files xmlns="http://www.netbeans.org/ns/projectui-open-files/2">
        <group>
            <file>file:/C:/Users/DELL/Documents/NetBeansProjects/FinwealthBank_ATM/src/Cash_Deposit.java</file>
            <file>file:/C:/Users/DELL/Documents/NetBeansProjects/FinwealthBank_ATM/src/Transfer.java</file>
            <file>file:/C:/Users/DELL/Documents/NetBeansProjects/FinwealthBank_ATM/src/Cash_Deposit_Confirm.java</file>
            <file>file:/C:/Users/DELL/Documents/NetBeansProjects/FinwealthBank_ATM/src/Cash_Withdraw.java</file>
            <file>file:/C:/Users/DELL/Documents/NetBeansProjects/FinwealthBank_ATM/src/Transfer_Confirm.java</file>
            <file>file:/C:/Users/DELL/Documents/NetBeansProjects/FinwealthBank_ATM/src/ATM_Dashboard.java</file>
            <file>file:/C:/Users/DELL/Documents/NetBeansProjects/FinwealthBank_ATM/src/ATM_Interface.java</file>
            <file>file:/C:/Users/DELL/Documents/NetBeansProjects/FinwealthBank_ATM/src/Bill_Pay_Deposit.java</file>
            <file>file:/C:/Users/DELL/Documents/NetBeansProjects/FinwealthBank_ATM/src/Bill_Pay_Deposit_confirm.java</file>
            <file>file:/C:/Users/DELL/Documents/NetBeansProjects/FinwealthBank_ATM/src/Bill_Payments.java</file>
            <file>file:/C:/Users/DELL/Documents/NetBeansProjects/FinwealthBank_ATM/src/Balance_Check.java</file>
        </group>
    </open-files>
</project-private>
